Job_title,Company name,Location,Post_Date
,,,
Logistics & Customer Service Coordinator,Versace,"New York, NY",12-03-2021
,,,
Operations Assistant,Journey,New York City Metropolitan Area,12-03-2021
,,,
"Specialist, Social Media",Macy's,"New York, NY",12-03-2021
,,,
"Manager, Influencer",SHADOW,"New York, NY",05-03-2021
,,,
Event Specialist,Soho Executives ,"Nashville, TN",10-03-2021
,,,
Analyst,Province Firm,"Las Vegas, NV",12-03-2021
,,,
Social Media Content Intern,Resonance Companies,"New York, NY",12-03-2021
,,,
PR Coordinator - Austin,TOP Worldwide,"Austin, TX",13-03-2021
,,,
HR Assistant,Dice,"Hartford, CT",12-03-2021
,,,
"Strategist, Strategy (Entertainment/Streaming)",Hearts & Science,"New York, NY",12-03-2021
,,,
Product Analyst,Bully Pulpit Interactive,"Washington, DC",12-03-2021
,,,
"Coordinator, Equity",District of Columbia Public Schools (DCPS),"Washington, DC",13-03-2021
,,,
Customer Success Manager,Elliptic,"New York, NY",12-03-2021
,,,
Success Onboarding Specialist,Screencastify,"Chicago, IL",12-03-2021
,,,
Professional Research Assistant,University of Colorado,"Denver, CO",13-03-2021
,,,
Analyst/ Senior Analyst - Product Innovation and Analytics,American Express,"New York, NY",13-03-2021
,,,
Communications Manager,End of Life Washington,"Washington, United States",13-03-2021
,,,
"Spring 2021 Graduates - Banking Analyst Program (Houston, TX)",Texas Capital Bank,"Houston, TX",12-03-2021
,,,
"Junior Associate, Entrepreneur Selection & Growth",Endeavor,"Cincinnati, OH",12-03-2021
,,,
Payroll Administrator - Remote,PropLogix,"Sarasota, FL",12-03-2021
,,,
Program Management Coordinator - Washington,The Kaizen Company,"Washington, DC",12-03-2021
,,,
Social Media Copywriter - Austin,Middle Avenue,"Austin, TX",13-03-2021
,,,
Program Administrator,GE Healthcare,"North Carolina, United States",13-03-2021
,,,
Technical Talent Sourcer - Remote,Drizly,"Remote, OR",12-03-2021
